email,subject,message
wkjw@kjsdfdffeffd,afmfd,"fa,asf,kfswf;lkf"
wkoow@kjs,afmfd,sdfl
efwe@fkf,dfm,dfkdf
my@muy,MJJ,"mmmm
"
cooldude@gmail.com,nice portfolio,i loved your portfolio man
cooldude@gmail.com,nice portfolio,i loved your portfolio man
cooldude@gmail.com,nice portfolio,i loved your portfolio man
cooldude@gmail.com,nice portfolio,i loved your portfolio man
hello@im,cool,cooooooool
hello@im,cool,cooooooool
hello@im,cool,cooooooool
name@gmail,helllooo,ddddd
name@gmail,helllooo,ddddd
name@gmail,helllooo,ddddd
name@gmail,helllooo,ddddd
name@gmail,helllooo,ddddd
hello@h,abcf,hha
hello@h,abcf,hha
hello@h,abcf,hha
hello@h,abcf,hha
hello@h,abcf,hha
hello@h,abcf,hha
hello@h,abcf,hha
hello@h,abcf,hha
hello@h,abcf,hhahAHAHAHAA
hello@h,abcf,hhahAHAHAHAA
wohoo@hoo,cool,hey man
yoo@oo,ehlloo,"noo
"
RR@R,dg,FDF
